ISBNコード,書籍JANコード,タイトル
9784103564317,1920080016007,会話の０．２秒を言語学する
9784758026079,1920193007206,きさらぎ異聞NoVelize : 猿夢・くねくね
9784575522099,1920193006483,よるのばけもの
9784047375840,1920093013000,近畿地方のある場所について
9784758029575,1929979007805,きさらぎ異聞. 4
9784091435392,1929979007003,からめる : COMIC BOOK EDITION
9784103562917,1920095015002,読むだけでグングン頭が良くなる下ネタ大全
9784091294920,1928037032001,よふかしのうた. 1
9784091295569,1929979005009,よふかしのうた. 2
9784098500642,1929979005009,よふかしのうた. 3
9784098501632,1929979005009,よふかしのうた. 4
9784098502684,1929979005009,よふかしのうた. 5
9784098503841,1929979005009,よふかしのうた. 6
9784098505227,1929979005009,よふかしのうた. 7
9784098506354,1929979005009,よふかしのうた. 8
9784098507351,1929979004545,よふかしのうた. 9
9784098508723,1929979005405,よふかしのうた. 10
9784041045152,1928321008002,日本の歴史. 別巻
9784801977440,1929979006303,ポプテピピック　よりぬきポプテさん
9784402064983,1924342000001,タイトル情報なし
9784342121517,1924381000000,タイトル情報なし
9784342121524,1924381000000,タイトル情報なし
9784342354076,1927081008802,上級入試漢字・語彙
9784342353093,1927081009007,重要古文単語315 : 読んで見て聞いて覚える
9784410201288,1927037004100,タイトル情報なし
9784410603686,1927037001802,タイトル情報なし
9784410201189,1927037004100,タイトル情報なし
9784410201370,1927037005909,タイトル情報なし
9784410603983,1927037002403,タイトル情報なし
9784410803468,1924337000009,タイトル情報なし
9784410201479,1927037004308,タイトル情報なし
9784807167180,1924325000004,タイトル情報なし
9784807167197,1924320000009,タイトル情報なし
9784807167234,1924325000004,タイトル情報なし
9784402065065,1924345000008,タイトル情報なし
9784804047751,1927045007209,タイトル情報なし
9784402065461,1924382000009,タイトル情報なし
9784487167593,1924382000009,タイトル情報なし
9781009031479,,タイトル情報なし
9784469663723,1924347000006,タイトル情報なし
9784469366396,1927047008907,タイトル情報なし
9784536107167,1924304000001,タイトル情報なし
9784407364880,1927004003006,タイトル情報なし
9784862039170,1928037032001,タイトル情報なし
9781305881594,1929979006303,タイトル情報なし
